id,first_name,last_name,email,gender,ip_address,card,balance,account,zip code,time zone,country,city,sector,date,time
1,Curr,Ketchell,cketchell27@cornell.edu,Male,145.247.141.8,201433453784472,"€638717,32",BG92 OGJB 4201 858T QOZD RK,10016,America/Guatemala,Guatemala,San Juan Bautista,Energy,2019-01-14 03:41:26,18:16:43
2,Genvieve,Todd,gtodd28@walmart.com,Female,146.6.169.25,3564057651451934,"€1540317,38",FR20 3714 0981 32XG OWPP MVRT R96,,Asia/Shanghai,China,Dacun,Consumer Services,2018-09-15 08:09:21,6:36:15
3,Davidde,Fussey,dfussey29@cpanel.net,Male,205193110134,"5,64182476872648E+018","€1500341,67",TR07 7020 7KQ0 TTWZ NG2L I3LQ GA,699-4502,Asia/Tokyo,Japan,Kawagoe,,2019-02-27 15:40:21,13:43:36
4,Roderick,Cluelow,rcluelow2a@chicagotribune.com,Male,176.140.56.123,3589041520024453,"€23111,47",TR61 4984 8EAD 2GDA L9MI YUHY SD,,Asia/Chongqing,China,Sanhui,,2018-05-23 05:09:51,5:13:39
5,Demetris,Tuffell,dtuffell2b@google.it,Female,164.223.172.47,4175008888855701,"€307455,94",IL18 7375 0570 2754 6736 606,35605 CEDEX,Europe/Paris,France,Redon,,2018-12-04 04:11:02,1:56:08
6,Kin,Andreini,kandreini2c@blogspot.com,Male,54.111.75.155,3553574739199056,"€359981,72",CY93 6367 0291 OR8Z EXTY UKT8 ZV2S,,Africa/Lusaka,Zambia,Senanga,n/a,2018-09-12 22:39:52,17:24:53
7,Haley,Crayden,hcrayden2d@jugem.jp,Male,88.140.204.92,3551275795256572,"€1272949,87",LI96 2417 2B23 D4YF 01AM U,,Asia/Shanghai,China,Zhengdun,,2018-04-03 13:54:24,22:20:55
8,Alexine,Fabry,afabry2e@webs.com,Female,20.255.70.176,3543336188739516,"€1135128,59",TR07 8887 8H3T MDTJ DAOH OC3O XW,,Pacific/Tarawa,,,n/a,2018-12-05 06:15:00,16:41:38
9,Humphrey,Ebanks,hebanks2f@wp.com,Male,112.72.15.119,6759476112596038,"€1057090,48",MK14 466M VLN8 E54M C42,659826,Asia/Omsk,Russia,Kosikha,n/a,2019-03-06 12:14:25,11:20:27
10,Staci,Zanioletti,szanioletti2g@instagram.com,Female,226.67.74.204,4772727284259,"€904646,11",FR63 3471 7988 24TC CDZS Q7A5 J73,,Europe/Bucharest,Ukraine,Nyzhni Petrivtsi,Consumer Services,2018-11-30 11:19:41,17:38:00
11,Tully,Humbles,thumbles2h@illinois.edu,Male,185136142216,"6,76371165102336E+016","€1544895,58",LB48 1373 VD8J A7QS VYXV AQTI G97I,2725-619,Europe/Lisbon,Portugal,Pexiligais,Public Utilities,2018-08-15 14:30:21,9:38:28
12,Myrilla,Stiven,mstiven2i@addthis.com,Female,213.57.104.164,3581725312464491,"€456296,96",AZ48 XLMH WNPM 5WPM COKJ FRNO RVLU,7207,Asia/Manila,Philippines,Oroquieta,Capital Goods,2018-11-29 04:37:13,18:43:02
13,Karlotta,Rivelin,krivelin2j@irs.gov,Female,189134113229,3576255787803590,"€1265470,73",FR93 1250 3117 46I2 9WCG LXMO 700,69000-000,America/Manaus,Brazil,Manaus,Health Care,2019-03-12 00:34:41,15:49:15
14,Dynah,Kernan,dkernan2k@chronoengine.com,Female,219.242.119.48,6759376135693665,"€1192514,62",LV68 VBVI Y1HV 6006 FPAH H,,Asia/Kabul,Afghanistan,Alah Sāy,Health Care,2018-06-25 06:26:06,12:16:55
15,Isidor,Bryde,ibryde2l@chicagotribune.com,Male,111.46.184.51,3542833341216169,"€1360135,19",LB11 4857 W2IS RIUL EEVU LVRX RUR6,,America/Caracas,Venezuela,Macapo,Health Care,2018-08-12 22:54:40,8:43:07
16,Emmye,Tooting,etooting2m@virginia.edu,Female,235.47.199.60,5100170948572176,"€283715,85",FR83 6429 0261 34UG 2BNM O5J0 774,,America/La_Paz,Bolivia,Tarata,,2018-03-31 17:28:23,7:36:05
17,Ferdinanda,Andrus,fandrus2n@comcast.net,Female,216.137.41.245,3532914766287653,"€1374539,76",ME33 3795 1960 5913 4687 02,,Asia/Vientiane,Vietnam,Thị Trấn Mường Lát,n/a,2018-09-10 06:49:08,17:04:04
18,Lemuel,Voff,lvoff2o@columbia.edu,Male,27.169.9.204,5100173723015619,"€587604,82",BH33 IGGS UBB0 HPP4 0APO VV,,Asia/Jakarta,Indonesia,Rajadesa,Health Care,2019-01-10 13:13:19,8:44:51
19,Hymie,Keetley,hkeetley2p@macromedia.com,Male,192107140181,6759742010296389,"€790277,19",BA08 2658 6076 6911 1422,,Asia/Chongqing,China,Tanbu,n/a,2019-01-07 11:46:24,16:15:42
20,Townie,Minchi,tminchi2q@netvibes.com,Male,94178178211,6706738552247727,"€1222830,24",MU52 GKTU 9094 3403 8117 3273 716U AE,,Asia/Tashkent,Uzbekistan,Chust Shahri,Consumer Non-Durables,2018-04-12 16:08:09,4:21:18
21,Rafferty,Fergusson,rfergusson2r@posterous.com,Male,111192201195,3571731311154093,"€1477381,87",DE64 6829 0590 2008 7168 81,LQA,Europe/Malta,Malta,Luqa,Technology,2019-03-18 05:32:45,0:59:24
22,Ezmeralda,Baselli,ebaselli2s@unesco.org,Female,100.237.238.52,3534825900324822,"€1362712,50",NO76 6016 4965 308,,Asia/Chongqing,China,Humen,Consumer Non-Durables,2018-09-04 10:02:49,21:30:17
23,Ram,Hillborne,rhillborne2t@usa.gov,Male,30.20.95.196,374622630345865,"€292670,67",IT59 D686 2475 818F TUXD AKCE YYA,,Asia/Jakarta,Indonesia,Dampol,,2018-08-12 09:43:25,5:12:11
24,Dionisio,Watt,dwatt2u@sfgate.com,Male,140111107205,5579891040854749,"€172096,93",TN81 8552 1170 8819 0630 2602,91505,America/Los_Angeles,United States,Burbank,Basic Industries,2019-02-12 16:38:36,23:28:03
25,Matthew,Carnie,mcarnie2v@cafepress.com,Male,159.214.48.201,6771901105949112,"€482481,21",AL62 8315 8665 PXUM OIKD XDQK PZCT,41800,America/Mexico_City,Mexico,Benito Juarez,,2018-03-25 13:22:56,8:09:11
26,Kareem,Clowser,kclowser2w@51.la,Male,23132151111,5602228026345759,"€1385480,18",SA20 817P XAEV GZKF HCL8 DU00,,Asia/Chongqing,China,Haodi,Consumer Services,2018-10-13 09:31:08,17:22:33
